VALID_DATE,C-only(0-24hr),C1+(0-24hr),M-only(0-24hr),M1+(0-24hr)
"2016-01-01",-1.00000,0.209217,-1.00000,0.0779450
"2016-01-02",-1.00000,0.170912,-1.00000,0.0686224
"2016-01-03",-1.00000,0.157230,-1.00000,0.0768695
"2016-01-04",-1.00000,0.209209,-1.00000,0.117710
"2016-01-05",-1.00000,0.211853,-1.00000,0.107858
"2016-01-06",-1.00000,0.223906,-1.00000,0.102469
"2016-01-07",-1.00000,0.221688,-1.00000,0.113849
"2016-01-08",-1.00000,0.246939,-1.00000,0.146391
"2016-01-09",-1.00000,0.508218,-1.00000,0.329040
"2016-01-10",-1.00000,0.588353,-1.00000,0.320993
"2016-01-11",-1.00000,0.439414,-1.00000,0.244276
"2016-01-12",-1.00000,0.565951,-1.00000,0.299809
"2016-01-13",-1.00000,0.403263,-1.00000,0.233267
"2016-01-14",-1.00000,0.259039,-1.00000,0.178277
"2016-01-15",-1.00000,0.373700,-1.00000,0.221912
"2016-01-16",-1.00000,0.238750,-1.00000,0.143593
"2016-01-17",-1.00000,0.193327,-1.00000,0.0840799
"2016-01-18",-1.00000,0.218719,-1.00000,0.0919124
"2016-01-19",-1.00000,0.164373,-1.00000,0.0655315
"2016-01-20",-1.00000,0.214101,-1.00000,0.102987
"2016-01-21",-1.00000,0.354399,-1.00000,0.197560
"2016-01-22",-1.00000,0.406069,-1.00000,0.221220
"2016-01-23",-1.00000,0.365356,-1.00000,0.183662
"2016-01-24",-1.00000,0.346919,-1.00000,0.155633
"2016-01-25",-1.00000,0.401456,-1.00000,0.176928
"2016-01-26",-1.00000,0.497807,-1.00000,0.234815
"2016-01-27",-1.00000,0.472566,-1.00000,0.250761
"2016-01-28",-1.00000,0.497015,-1.00000,0.325529
"2016-01-29",-1.00000,0.386063,-1.00000,0.191831
"2016-01-30",-1.00000,0.237344,-1.00000,0.119982
"2016-01-31",-1.00000,0.364490,-1.00000,0.169146
"2016-02-01",-1.00000,0.341644,-1.00000,0.181686
"2016-02-02",-1.00000,0.191828,-1.00000,0.117338
"2016-02-03",-1.00000,0.208011,-1.00000,0.109698
"2016-02-04",-1.00000,0.356080,-1.00000,0.227564
"2016-02-05",-1.00000,0.554797,-1.00000,0.283912
"2016-02-06",-1.00000,0.477268,-1.00000,0.223909
"2016-02-07",-1.00000,0.642748,-1.00000,0.326031
"2016-02-08",-1.00000,0.648206,-1.00000,0.380231
"2016-02-09",-1.00000,0.546299,-1.00000,0.291390
"2016-02-10",-1.00000,0.531548,-1.00000,0.284303
"2016-02-11",-1.00000,0.563055,-1.00000,0.270367
"2016-02-12",-1.00000,0.522513,-1.00000,0.268295
"2016-02-13",-1.00000,0.394387,-1.00000,0.226873
"2016-02-14",-1.00000,0.465312,-1.00000,0.363248
"2016-02-15",-1.00000,0.424222,-1.00000,0.311237
"2016-02-16",-1.00000,0.331045,-1.00000,0.182427
"2016-02-17",-1.00000,0.304999,-1.00000,0.135990
"2016-02-18",-1.00000,0.302167,-1.00000,0.142283
"2016-02-19",-1.00000,0.247561,-1.00000,0.126142
"2016-02-20",-1.00000,0.301374,-1.00000,0.171066
"2016-02-21",-1.00000,0.471026,-1.00000,0.316189
"2016-02-22",-1.00000,0.351616,-1.00000,0.281457
"2016-02-23",-1.00000,0.375712,-1.00000,0.283705
"2016-02-24",-1.00000,0.296786,-1.00000,0.180513
"2016-02-25",-1.00000,0.186268,-1.00000,0.110032
"2016-02-26",-1.00000,0.181241,-1.00000,0.0863086
"2016-02-27",-1.00000,0.192724,-1.00000,0.0940918
"2016-02-28",-1.00000,0.206726,-1.00000,0.107364
"2016-02-29",-1.00000,0.173556,-1.00000,0.0886635
"2016-03-01",-1.00000,0.235359,-1.00000,0.123894
"2016-03-02",-1.00000,0.208100,-1.00000,0.106129
"2016-03-03",-1.00000,0.313873,-1.00000,0.146086
"2016-03-04",-1.00000,0.361455,-1.00000,0.158809
"2016-03-05",-1.00000,0.464485,-1.00000,0.219638
"2016-03-06",-1.00000,0.346106,-1.00000,0.175823
"2016-03-07",-1.00000,0.542139,-1.00000,0.287448
"2016-03-08",-1.00000,0.476501,-1.00000,0.242767
"2016-03-09",-1.00000,0.434462,-1.00000,0.244844
"2016-03-10",-1.00000,0.396000,-1.00000,0.198744
"2016-03-11",-1.00000,0.397638,-1.00000,0.170977
"2016-03-12",-1.00000,0.243046,-1.00000,0.124351
"2016-03-13",-1.00000,0.283257,-1.00000,0.168503
"2016-03-14",-1.00000,0.223398,-1.00000,0.130763
"2016-03-15",-1.00000,0.348508,-1.00000,0.195950
"2016-03-16",-1.00000,0.293277,-1.00000,0.159196
"2016-03-17",-1.00000,0.295550,-1.00000,0.157266
"2016-03-18",-1.00000,0.292821,-1.00000,0.160397
"2016-03-19",-1.00000,0.300449,-1.00000,0.197915
"2016-03-20",-1.00000,0.277425,-1.00000,0.165119
"2016-03-21",-1.00000,0.274456,-1.00000,0.166514
"2016-03-22",-1.00000,0.184215,-1.00000,0.101548
"2016-03-23",-1.00000,0.241471,-1.00000,0.134919
"2016-03-24",-1.00000,0.122091,-1.00000,0.0718210
"2016-03-25",-1.00000,0.193664,-1.00000,0.117220
"2016-03-26",-1.00000,0.214798,-1.00000,0.168098
"2016-03-27",-1.00000,0.117991,-1.00000,0.105963
"2016-03-28",-1.00000,0.148395,-1.00000,0.127260
"2016-03-29",-1.00000,0.111103,-1.00000,0.101470
"2016-03-30",-1.00000,0.121068,-1.00000,0.102703
"2016-03-31",-1.00000,0.0836014,-1.00000,0.0848810
"2016-04-01",-1.00000,0.0920693,-1.00000,0.0848846
"2016-04-02",-1.00000,0.0737501,-1.00000,0.0870167
"2016-04-03",-1.00000,0.0685600,-1.00000,0.0715031
"2016-04-04",-1.00000,0.130451,-1.00000,0.0635680
"2016-04-05",-1.00000,0.116573,-1.00000,0.0493114
"2016-04-06",-1.00000,0.100117,-1.00000,0.0460919
"2016-04-07",-1.00000,0.127789,-1.00000,0.0655235
"2016-04-08",-1.00000,0.102681,-1.00000,0.0512675
"2016-04-09",-1.00000,0.160507,-1.00000,0.0749304
"2016-04-10",-1.00000,0.411107,-1.00000,0.0186217
"2016-04-11",-1.00000,0.130928,-1.00000,0.0327956
"2016-04-12",-1.00000,0.153515,-1.00000,0.0450084
"2016-04-13",-1.00000,0.158047,-1.00000,0.0269725
"2016-04-14",-1.00000,0.202692,-1.00000,0.0532115
"2016-04-15",-1.00000,0.185760,-1.00000,0.0366676
"2016-04-16",-1.00000,0.242599,-1.00000,0.0414239
"2016-04-17",-1.00000,0.243179,-1.00000,0.0535398
"2016-04-18",-1.00000,0.170004,-1.00000,0.0386758
"2016-04-19",-1.00000,0.176382,-1.00000,0.0448479
"2016-04-20",-1.00000,0.150713,-1.00000,0.0559771
"2016-04-21",-1.00000,0.173694,-1.00000,0.0837748
"2016-04-22",-1.00000,0.176163,-1.00000,0.106037
"2016-04-23",-1.00000,0.170263,-1.00000,0.138483
"2016-04-24",-1.00000,0.149924,-1.00000,0.117584
"2016-04-25",-1.00000,0.210498,-1.00000,0.140573
"2016-04-26",-1.00000,0.198695,-1.00000,0.140068
"2016-04-27",-1.00000,0.269190,-1.00000,0.179898
"2016-04-28",-1.00000,0.354108,-1.00000,0.223788
"2016-04-29",-1.00000,0.392875,-1.00000,0.220996
"2016-04-30",-1.00000,0.390542,-1.00000,0.249485
"2016-05-01",-1.00000,0.336118,-1.00000,0.179635
"2016-05-02",-1.00000,0.315944,-1.00000,0.160501
"2016-05-03",-1.00000,0.300756,-1.00000,0.153835
"2016-05-04",-1.00000,0.320466,-1.00000,0.140304
"2016-05-05",-1.00000,0.309251,-1.00000,0.135781
"2016-05-06",-1.00000,0.241329,-1.00000,0.113224
"2016-05-07",-1.00000,0.217543,-1.00000,0.117391
"2016-05-08",-1.00000,0.200500,-1.00000,0.124986
"2016-05-09",-1.00000,0.268680,-1.00000,0.177726
"2016-05-10",-1.00000,0.342043,-1.00000,0.208964
"2016-05-11",-1.00000,0.340117,-1.00000,0.194580
"2016-05-12",-1.00000,0.348525,-1.00000,0.232242
"2016-05-13",-1.00000,0.306695,-1.00000,0.210459
"2016-05-14",-1.00000,0.238033,-1.00000,0.140396
"2016-05-15",-1.00000,0.439600,-1.00000,0.308812
"2016-05-16",-1.00000,0.265079,-1.00000,0.203157
"2016-05-17",-1.00000,0.230780,-1.00000,0.179831
"2016-05-18",-1.00000,0.232425,-1.00000,0.182385
"2016-05-19",-1.00000,0.116080,-1.00000,0.0708477
"2016-05-20",-1.00000,0.216131,-1.00000,0.157013
"2016-05-21",-1.00000,0.159361,-1.00000,0.0842778
"2016-05-22",-1.00000,0.164611,-1.00000,0.118567
"2016-05-23",-1.00000,0.160842,-1.00000,0.144467
"2016-05-24",-1.00000,0.121515,-1.00000,0.0725589
"2016-05-25",-1.00000,0.184384,-1.00000,0.0912915
"2016-05-26",-1.00000,0.188943,-1.00000,0.0892914
"2016-05-27",-1.00000,0.456446,-1.00000,0.0164065
"2016-05-28",-1.00000,0.0876660,-1.00000,0.0502162
"2016-05-29",-1.00000,0.0776840,-1.00000,0.0328309
"2016-05-30",-1.00000,0.0755638,-1.00000,0.0318925
"2016-05-31",-1.00000,0.137236,-1.00000,0.0559648
"2016-06-01",-1.00000,0.185381,-1.00000,0.151339
"2016-06-02",-1.00000,0.141160,-1.00000,0.0647071
"2016-06-03",-1.00000,0.103273,-1.00000,0.0472114
"2016-06-04",-1.00000,0.0812899,-1.00000,0.0409166
"2016-06-05",-1.00000,0.0641707,-1.00000,0.0290096
"2016-06-06",-1.00000,0.0315438,-1.00000,0.0126782
"2016-06-07",-1.00000,0.0327478,-1.00000,0.0190673
"2016-06-08",-1.00000,0.0645231,-1.00000,0.0165864
"2016-06-09",-1.00000,0.0941346,-1.00000,0.0674617
"2016-06-10",-1.00000,0.120429,-1.00000,0.121436
"2016-06-11",-1.00000,0.133312,-1.00000,0.165574
"2016-06-12",-1.00000,0.166854,-1.00000,0.182441
"2016-06-13",-1.00000,0.140868,-1.00000,0.151547
"2016-06-14",-1.00000,0.249645,-1.00000,0.226036
"2016-06-15",-1.00000,0.183864,-1.00000,0.144064
"2016-06-16",-1.00000,0.153273,-1.00000,0.111105
"2016-06-17",-1.00000,0.175668,-1.00000,0.0112071
"2016-06-18",-1.00000,0.214946,-1.00000,0.145840
"2016-06-19",-1.00000,0.192383,-1.00000,0.148880
"2016-06-20",-1.00000,0.259314,-1.00000,0.184276
"2016-06-21",-1.00000,0.265752,-1.00000,0.156021
"2016-06-22",-1.00000,0.275176,-1.00000,0.0200356
"2016-06-23",-1.00000,0.135179,-1.00000,0.0536143
"2016-06-24",-1.00000,0.128963,-1.00000,0.0567949
"2016-06-25",-1.00000,0.0750913,-1.00000,0.0323112
"2016-06-26",-1.00000,0.0528953,-1.00000,0.0219548
"2016-06-27",-1.00000,0.0361604,-1.00000,0.0156350
"2016-06-28",-1.00000,0.0623643,-1.00000,0.00374975
"2016-06-29",-1.00000,0.0623643,-1.00000,0.00374975
"2016-06-30",-1.00000,0.0326768,-1.00000,0.0181930
"2016-07-01",-1.00000,0.226857,-1.00000,0.0177774
"2016-07-02",-1.00000,0.226857,-1.00000,0.0177774
"2016-07-03",-1.00000,0.226857,-1.00000,0.0177774
"2016-07-04",-1.00000,0.226857,-1.00000,0.0177774
"2016-07-05",-1.00000,0.120714,-1.00000,0.00892857
"2016-07-06",-1.00000,0.0828182,-1.00000,0.0312453
"2016-07-07",-1.00000,0.0803848,-1.00000,0.0313597
"2016-07-08",-1.00000,0.159831,-1.00000,0.0625037
"2016-07-09",-1.00000,0.230492,-1.00000,0.0956987
"2016-07-10",-1.00000,0.258026,-1.00000,0.103949
"2016-07-11",-1.00000,0.311936,-1.00000,0.129291
"2016-07-12",-1.00000,0.386786,-1.00000,0.175176
"2016-07-13",-1.00000,0.358883,-1.00000,0.166503
"2016-07-14",-1.00000,0.381160,-1.00000,0.197513
"2016-07-15",-1.00000,0.401881,-1.00000,0.197520
"2016-07-16",-1.00000,0.666216,-1.00000,0.481438
"2016-07-17",-1.00000,0.853980,-1.00000,0.0857291
"2016-07-18",-1.00000,0.644755,-1.00000,0.0407392
"2016-07-19",-1.00000,0.640407,-1.00000,0.427973
"2016-07-20",-1.00000,0.690612,-1.00000,0.599514
"2016-07-21",-1.00000,0.673384,-1.00000,0.560445
"2016-07-22",-1.00000,0.689549,-1.00000,0.463381
"2016-07-23",-1.00000,0.478024,-1.00000,0.246250
"2016-07-24",-1.00000,0.150824,-1.00000,0.0629601
"2016-07-25",-1.00000,0.0985110,-1.00000,0.0485634
"2016-07-26",-1.00000,0.100038,-1.00000,0.0514370
"2016-07-27",-1.00000,0.0333521,-1.00000,0.0180298
"2016-07-28",-1.00000,0.0158983,-1.00000,0.00635930
"2016-07-29",-1.00000,0.0530850,-1.00000,0.0218071
"2016-07-30",-1.00000,0.0407407,-1.00000,0.0185493
"2016-07-31",-1.00000,0.0456153,-1.00000,0.0155187
"2016-08-01",-1.00000,0.0433313,-1.00000,0.0157581
"2016-08-02",-1.00000,0.0424745,-1.00000,0.0158662
"2016-08-03",-1.00000,0.0412202,-1.00000,0.0155244
"2016-08-04",-1.00000,0.0421241,-1.00000,0.0155353
"2016-08-05",-1.00000,0.0551237,-1.00000,0.0194500
"2016-08-06",-1.00000,0.188290,-1.00000,0.123605
"2016-08-07",-1.00000,0.194519,-1.00000,0.133393
"2016-08-08",-1.00000,0.298448,-1.00000,0.148871
"2016-08-09",-1.00000,0.351580,-1.00000,0.309933
"2016-08-10",-1.00000,0.358698,-1.00000,0.273488
"2016-08-11",-1.00000,0.475076,-1.00000,0.336914
"2016-08-12",-1.00000,0.572957,-1.00000,0.427280
"2016-08-13",-1.00000,0.554071,-1.00000,0.375610
"2016-08-14",-1.00000,0.503737,-1.00000,0.344617
"2016-08-15",-1.00000,0.551123,-1.00000,0.351856
"2016-08-16",-1.00000,0.559040,-1.00000,0.361125
"2016-08-17",-1.00000,0.382704,-1.00000,0.249971
"2016-08-18",-1.00000,0.304173,-1.00000,0.181095
"2016-08-19",-1.00000,0.270676,-1.00000,0.126076
"2016-08-20",-1.00000,0.242681,-1.00000,0.105079
"2016-08-21",-1.00000,0.153580,-1.00000,0.0570590
"2016-08-22",-1.00000,0.0763497,-1.00000,0.0250648
"2016-08-23",-1.00000,0.166057,-1.00000,0.110642
"2016-08-24",-1.00000,0.223748,-1.00000,0.118849
"2016-08-25",-1.00000,0.232483,-1.00000,0.108408
"2016-08-26",-1.00000,0.241093,-1.00000,0.139907
"2016-08-27",-1.00000,0.298097,-1.00000,0.151351
"2016-08-28",-1.00000,0.285760,-1.00000,0.128660
"2016-08-29",-1.00000,0.372671,-1.00000,0.244495
"2016-08-30",-1.00000,0.347328,-1.00000,0.173010
"2016-08-31",-1.00000,0.327192,-1.00000,0.139012
"2016-09-01",-1.00000,0.313827,-1.00000,0.173235
"2016-09-02",-1.00000,0.358737,-1.00000,0.218716
"2016-09-03",-1.00000,0.399466,-1.00000,0.179854
"2016-09-04",-1.00000,0.392022,-1.00000,0.244695
"2016-09-05",-1.00000,0.494443,-1.00000,0.388717
"2016-09-06",-1.00000,0.434547,-1.00000,0.342914
"2016-09-07",-1.00000,0.421940,-1.00000,0.309159
"2016-09-08",-1.00000,0.460863,-1.00000,0.415135
"2016-09-09",-1.00000,0.593288,-1.00000,0.469075
"2016-09-10",-1.00000,0.507440,-1.00000,0.338043
"2016-09-11",-1.00000,0.512108,-1.00000,0.321863
"2016-09-12",-1.00000,0.406246,-1.00000,0.196819
"2016-09-13",-1.00000,0.308089,-1.00000,0.150522
"2016-09-14",-1.00000,0.199424,-1.00000,0.0828987
"2016-09-15",-1.00000,0.183755,-1.00000,0.0672650
"2016-09-16",-1.00000,0.149803,-1.00000,0.0645613
"2016-09-17",-1.00000,0.100747,-1.00000,0.0385705
"2016-09-18",-1.00000,0.115029,-1.00000,0.0337339
"2016-09-19",-1.00000,0.321317,-1.00000,0.111790
"2016-09-20",-1.00000,0.228534,-1.00000,0.0803751
"2016-09-21",-1.00000,0.430350,-1.00000,0.182468
"2016-09-22",-1.00000,0.312913,-1.00000,0.166073
"2016-09-23",-1.00000,0.441348,-1.00000,0.203489
"2016-09-24",-1.00000,0.444091,-1.00000,0.196469
"2016-09-25",-1.00000,0.294728,-1.00000,0.124666
"2016-09-26",-1.00000,0.197997,-1.00000,0.0930767
"2016-09-27",-1.00000,0.170462,-1.00000,0.0813789
"2016-09-28",-1.00000,0.0950349,-1.00000,0.0553098
"2016-09-29",-1.00000,0.0954274,-1.00000,0.0347187
"2016-09-30",-1.00000,0.120714,-1.00000,0.00892857
"2016-10-01",-1.00000,0.0158983,-1.00000,0.00635930
"2016-10-02",-1.00000,0.0318268,-1.00000,0.0193950
"2016-10-03",-1.00000,0.0639388,-1.00000,0.0296838
"2016-10-04",-1.00000,0.231765,-1.00000,0.143195
"2016-10-05",-1.00000,0.252701,-1.00000,0.146965
"2016-10-06",-1.00000,0.359239,-1.00000,0.175359
"2016-10-07",-1.00000,0.347202,-1.00000,0.152358
"2016-10-08",-1.00000,0.390868,-1.00000,0.208738
"2016-10-09",-1.00000,0.404728,-1.00000,0.237137
"2016-10-10",-1.00000,0.393189,-1.00000,0.221473
"2016-10-11",-1.00000,0.441557,-1.00000,0.261887
"2016-10-12",-1.00000,0.385586,-1.00000,0.214458
"2016-10-13",-1.00000,0.378709,-1.00000,0.227274
"2016-10-14",-1.00000,0.301150,-1.00000,0.195932
"2016-10-15",-1.00000,0.232368,-1.00000,0.143200
"2016-10-16",-1.00000,0.177191,-1.00000,0.107597
"2016-10-17",-1.00000,0.157400,-1.00000,0.0872574
"2016-10-18",-1.00000,0.122346,-1.00000,0.0444213
"2016-10-19",-1.00000,0.182047,-1.00000,0.0733979
"2016-10-20",-1.00000,0.155820,-1.00000,0.0736117
"2016-10-21",-1.00000,0.110408,-1.00000,0.0481716
"2016-10-22",-1.00000,0.113660,-1.00000,0.0540167
"2016-10-23",-1.00000,0.106251,-1.00000,0.0478288
"2016-10-24",-1.00000,0.0602995,-1.00000,0.0233722
"2016-10-25",-1.00000,0.0952904,-1.00000,0.0372011
"2016-10-26",-1.00000,0.0601311,-1.00000,0.0421511
"2016-10-27",-1.00000,0.0538720,-1.00000,0.0312974
"2016-10-28",-1.00000,0.0379717,-1.00000,0.0154553
"2016-10-29",-1.00000,0.0644221,-1.00000,0.0229054
"2016-10-30",-1.00000,0.0482335,-1.00000,0.0172011
"2016-10-31",-1.00000,0.0623643,-1.00000,0.00374975
"2016-11-01",-1.00000,0.110605,-1.00000,0.0379599
"2016-11-02",-1.00000,0.109030,-1.00000,0.0332843
"2016-11-03",-1.00000,0.0850516,-1.00000,0.0322474
"2016-11-04",-1.00000,0.144536,-1.00000,0.0505747
"2016-11-05",-1.00000,0.0933758,-1.00000,0.0313384
"2016-11-06",-1.00000,0.0983630,-1.00000,0.0347306
"2016-11-07",-1.00000,0.0864864,-1.00000,0.0343653
"2016-11-08",-1.00000,0.0877913,-1.00000,0.0307485
"2016-11-09",-1.00000,0.0590474,-1.00000,0.0214825
"2016-11-10",-1.00000,0.124235,-1.00000,0.0531621
"2016-11-11",-1.00000,0.0883633,-1.00000,0.0311265
"2016-11-12",-1.00000,0.143857,-1.00000,0.0885853
"2016-11-13",-1.00000,0.158290,-1.00000,0.0718136
"2016-11-14",-1.00000,0.202385,-1.00000,0.124382
"2016-11-15",-1.00000,0.159048,-1.00000,0.0749182
"2016-11-16",-1.00000,0.121546,-1.00000,0.0539468
"2016-11-17",-1.00000,0.155984,-1.00000,0.0939720
"2016-11-18",-1.00000,0.150828,-1.00000,0.0876215
"2016-11-19",-1.00000,0.112882,-1.00000,0.0456754
"2016-11-20",-1.00000,0.123842,-1.00000,0.0561771
"2016-11-21",-1.00000,0.0854074,-1.00000,0.0335052
"2016-11-22",-1.00000,0.0605787,-1.00000,0.0220154
"2016-11-23",-1.00000,0.0896656,-1.00000,0.0323574
"2016-11-24",-1.00000,0.156255,-1.00000,0.0755943
"2016-11-25",-1.00000,0.153331,-1.00000,0.119212
"2016-11-26",-1.00000,0.120839,-1.00000,0.00748545
"2016-11-27",-1.00000,0.242260,-1.00000,0.171430
"2016-11-28",-1.00000,0.251866,-1.00000,0.182572
"2016-11-29",-1.00000,0.286240,-1.00000,0.196861
"2016-11-30",-1.00000,0.236714,-1.00000,0.151323
"2016-12-01",-1.00000,0.290011,-1.00000,0.211877
"2016-12-02",-1.00000,0.342338,-1.00000,0.218988
"2016-12-03",-1.00000,0.309314,-1.00000,0.164249
"2016-12-04",-1.00000,0.379371,-1.00000,0.225121
"2016-12-05",-1.00000,0.350446,-1.00000,0.178863
"2016-12-06",-1.00000,0.257684,-1.00000,0.137371
"2016-12-07",-1.00000,0.257822,-1.00000,0.134670
"2016-12-08",-1.00000,0.0957208,-1.00000,0.0515196
"2016-12-09",-1.00000,0.0781391,-1.00000,0.0325258
"2016-12-10",-1.00000,0.0158983,-1.00000,0.00635930
"2016-12-11",-1.00000,0.0337671,-1.00000,0.0172552
"2016-12-12",-1.00000,0.0417216,-1.00000,0.0181509
"2016-12-13",-1.00000,0.0403172,-1.00000,0.0188185
"2016-12-14",-1.00000,0.0520725,-1.00000,0.0173800
"2016-12-15",-1.00000,0.0801403,-1.00000,0.0329599
"2016-12-16",-1.00000,0.0559211,-1.00000,0.0213171
"2016-12-17",-1.00000,0.0400451,-1.00000,0.0148751
"2016-12-18",-1.00000,0.0332007,-1.00000,0.0180287
"2016-12-19",-1.00000,0.0638429,-1.00000,0.0263843
"2016-12-20",-1.00000,0.0771528,-1.00000,0.0329221
"2016-12-21",-1.00000,0.0853983,-1.00000,0.0442049
"2016-12-22",-1.00000,0.0823239,-1.00000,0.0473483
"2016-12-23",-1.00000,0.0672496,-1.00000,0.0319273
"2016-12-24",-1.00000,0.0652773,-1.00000,0.0349581
"2016-12-25",-1.00000,0.0475243,-1.00000,0.0256678
"2016-12-26",-1.00000,0.0634182,-1.00000,0.0363829
"2016-12-27",-1.00000,0.0610170,-1.00000,0.0301831
"2016-12-28",-1.00000,0.0396897,-1.00000,0.0169140
"2016-12-29",-1.00000,0.0390755,-1.00000,0.0156025
"2016-12-30",-1.00000,0.0158983,-1.00000,0.00635930
"2016-12-31",-1.00000,0.0792932,-1.00000,0.0322020
"2017-01-01",-1.00000,0.0329705,-1.00000,0.0171647
"2017-01-02",-1.00000,0.0726578,-1.00000,0.0343268
"2017-01-03",-1.00000,0.0599606,-1.00000,0.0217396
"2017-01-04",-1.00000,0.0699942,-1.00000,0.0341298
"2017-01-05",-1.00000,0.0748859,-1.00000,0.0306663
"2017-01-06",-1.00000,0.0483915,-1.00000,0.0245435
"2017-01-07",-1.00000,0.0646236,-1.00000,0.0344008
"2017-01-08",-1.00000,0.0158983,-1.00000,0.00635930
"2017-01-09",-1.00000,0.0100000,-1.00000,0.00000
"2017-01-10",-1.00000,0.0100000,-1.00000,0.00000
"2017-01-11",-1.00000,0.0100000,-1.00000,0.00000
"2017-01-12",-1.00000,0.0100000,-1.00000,0.00000
"2017-01-13",-1.00000,0.0427415,-1.00000,0.0166600
"2017-01-14",-1.00000,0.130998,-1.00000,0.0932925
"2017-01-15",-1.00000,0.162303,-1.00000,0.140363
"2017-01-16",-1.00000,0.195818,-1.00000,0.152359
"2017-01-17",-1.00000,0.233149,-1.00000,0.137997
"2017-01-18",-1.00000,0.272429,-1.00000,0.140630
"2017-01-19",-1.00000,0.226958,-1.00000,0.102580
"2017-01-20",-1.00000,0.297056,-1.00000,0.147926
"2017-01-21",-1.00000,0.250584,-1.00000,0.112760
"2017-01-22",-1.00000,0.515233,-1.00000,0.320124
"2017-01-23",-1.00000,0.422578,-1.00000,0.273314
"2017-01-24",-1.00000,0.396400,-1.00000,0.211049
"2017-01-25",-1.00000,0.360836,-1.00000,0.203186
"2017-01-26",-1.00000,0.328138,-1.00000,0.206470
"2017-01-27",-1.00000,0.234333,-1.00000,0.193707
"2017-01-28",-1.00000,0.162530,-1.00000,0.118935
"2017-01-29",-1.00000,0.200771,-1.00000,0.115795
"2017-01-30",-1.00000,0.118910,-1.00000,0.0751303
"2017-01-31",-1.00000,0.196749,-1.00000,0.108076
"2017-02-01",-1.00000,0.214051,-1.00000,0.126040
"2017-02-02",-1.00000,0.282743,-1.00000,0.144130
"2017-02-03",-1.00000,0.190201,-1.00000,0.0775458
"2017-02-04",-1.00000,0.161830,-1.00000,0.0806963
"2017-02-05",-1.00000,0.161996,-1.00000,0.0963279
"2017-02-06",-1.00000,0.148767,-1.00000,0.0685277
"2017-02-07",-1.00000,0.0819702,-1.00000,0.0397906
"2017-02-08",-1.00000,0.100923,-1.00000,0.0507530
"2017-02-09",-1.00000,0.113982,-1.00000,0.0489776
"2017-02-10",-1.00000,0.221105,-1.00000,0.110614
"2017-02-11",-1.00000,0.163469,-1.00000,0.0993551
"2017-02-12",-1.00000,0.130492,-1.00000,0.0675175
"2017-02-13",-1.00000,0.235537,-1.00000,0.120042
"2017-02-14",-1.00000,0.140059,-1.00000,0.0672998
"2017-02-15",-1.00000,0.0822911,-1.00000,0.0335136
"2017-02-16",-1.00000,0.113324,-1.00000,0.0486094
"2017-02-17",-1.00000,0.112601,-1.00000,0.0445379
"2017-02-18",-1.00000,0.0763105,-1.00000,0.0285282
"2017-02-19",-1.00000,0.0429210,-1.00000,0.0158283
"2017-02-20",-1.00000,0.116685,-1.00000,0.0408982
"2017-02-21",-1.00000,0.167567,-1.00000,0.0576974
"2017-02-22",-1.00000,0.228664,-1.00000,0.119165
"2017-02-23",-1.00000,0.273191,-1.00000,0.131953
"2017-02-24",-1.00000,0.180589,-1.00000,0.101122
"2017-02-25",-1.00000,0.285198,-1.00000,0.141323
"2017-02-26",-1.00000,0.194563,-1.00000,0.100136
"2017-02-27",-1.00000,0.204094,-1.00000,0.106361
"2017-02-28",-1.00000,0.205412,-1.00000,0.118291
"2017-03-01",-1.00000,0.249247,-1.00000,0.156292
"2017-03-02",-1.00000,0.345012,-1.00000,0.169971
"2017-03-03",-1.00000,0.318138,-1.00000,0.133465
"2017-03-04",-1.00000,0.162891,-1.00000,0.0638981
"2017-03-05",-1.00000,0.136904,-1.00000,0.0528193
"2017-03-06",-1.00000,0.102284,-1.00000,0.0497474
"2017-03-07",-1.00000,0.0905690,-1.00000,0.0381200
"2017-03-08",-1.00000,0.104013,-1.00000,0.0518172
"2017-03-09",-1.00000,0.0523423,-1.00000,0.0216068
"2017-03-10",-1.00000,0.0498108,-1.00000,0.0210996
"2017-03-11",-1.00000,0.120714,-1.00000,0.00892857
"2017-03-12",-1.00000,0.120714,-1.00000,0.00892857
"2017-03-13",-1.00000,0.120714,-1.00000,0.00892857
"2017-03-14",-1.00000,0.120714,-1.00000,0.00892857
"2017-03-15",-1.00000,0.120714,-1.00000,0.00892857
"2017-03-16",-1.00000,0.120714,-1.00000,0.00892857
"2017-03-17",-1.00000,0.120714,-1.00000,0.00892857
"2017-03-18",-1.00000,0.0100000,-1.00000,0.00000
"2017-03-19",-1.00000,0.0100000,-1.00000,0.00000
"2017-03-20",-1.00000,0.0100000,-1.00000,0.00000
"2017-03-21",-1.00000,0.0100000,-1.00000,0.00000
"2017-03-22",-1.00000,0.0323820,-1.00000,0.0182926
"2017-03-23",-1.00000,0.0360643,-1.00000,0.0157781
"2017-03-24",-1.00000,0.0387745,-1.00000,0.0157712
"2017-03-25",-1.00000,0.0436766,-1.00000,0.0159261
"2017-03-26",-1.00000,0.0409037,-1.00000,0.0156548
"2017-03-27",-1.00000,0.124629,-1.00000,0.0871918
"2017-03-28",-1.00000,0.266920,-1.00000,0.169602
"2017-03-29",-1.00000,0.230960,-1.00000,0.168918
"2017-03-30",-1.00000,0.375268,-1.00000,0.272940
"2017-03-31",-1.00000,0.331203,-1.00000,0.227374
"2017-04-01",-1.00000,0.357473,-1.00000,0.234301
"2017-04-02",-1.00000,0.357196,-1.00000,0.223951
"2017-04-03",-1.00000,0.535725,-1.00000,0.498029
"2017-04-04",-1.00000,0.266771,-1.00000,0.182263
"2017-04-05",-1.00000,0.290990,-1.00000,0.261001
"2017-04-06",-1.00000,0.284214,-1.00000,0.191262
"2017-04-07",-1.00000,0.156676,-1.00000,0.0872667
"2017-04-08",-1.00000,0.110173,-1.00000,0.0330949
"2017-04-09",-1.00000,0.0764596,-1.00000,0.0368028
"2017-04-10",-1.00000,0.101331,-1.00000,0.0349966
"2017-04-11",-1.00000,0.0866390,-1.00000,0.0434179
"2017-04-12",-1.00000,0.0939939,-1.00000,0.0440504
"2017-04-13",-1.00000,0.104682,-1.00000,0.0451693
"2017-04-14",-1.00000,0.0826959,-1.00000,0.0235389
"2017-04-15",-1.00000,0.0665021,-1.00000,0.0186465
"2017-04-16",-1.00000,0.0605725,-1.00000,0.0221268
"2017-04-17",-1.00000,0.0516021,-1.00000,0.0178770
"2017-04-18",-1.00000,0.0762233,-1.00000,0.0309249
"2017-04-19",-1.00000,0.105311,-1.00000,0.0600102
"2017-04-20",-1.00000,0.114931,-1.00000,0.135577
"2017-04-21",-1.00000,0.157332,-1.00000,0.0971854
"2017-04-22",-1.00000,0.231161,-1.00000,0.121102
"2017-04-23",-1.00000,0.293324,-1.00000,0.164826
"2017-04-24",-1.00000,0.175668,-1.00000,0.0112071
"2017-04-25",-1.00000,0.175668,-1.00000,0.0112071
"2017-04-26",-1.00000,0.267503,-1.00000,0.158087
"2017-04-27",-1.00000,0.295738,-1.00000,0.164786
"2017-04-28",-1.00000,0.146051,-1.00000,0.0754620
"2017-04-29",-1.00000,0.170506,-1.00000,0.0752847
"2017-04-30",-1.00000,0.152335,-1.00000,0.0687375
"2017-05-01",-1.00000,0.136911,-1.00000,0.0586398
"2017-05-02",-1.00000,0.123153,-1.00000,0.0554770
"2017-05-03",-1.00000,0.145611,-1.00000,0.0807086
"2017-05-04",-1.00000,0.122845,-1.00000,0.0624900
"2017-05-05",-1.00000,0.142074,-1.00000,0.0913446
"2017-05-06",-1.00000,0.120839,-1.00000,0.00748545
"2017-05-07",-1.00000,0.120839,-1.00000,0.00748545
"2017-05-08",-1.00000,0.120839,-1.00000,0.00748545
"2017-05-09",-1.00000,0.0681190,-1.00000,0.0330499
"2017-05-10",-1.00000,0.0100000,-1.00000,0.00000
"2017-05-11",-1.00000,0.0362110,-1.00000,0.0149878
"2017-05-12",-1.00000,0.0338216,-1.00000,0.0157993
"2017-05-13",-1.00000,0.0324762,-1.00000,0.0188519
"2017-05-14",-1.00000,0.0158983,-1.00000,0.00635930
"2017-05-15",-1.00000,0.0158983,-1.00000,0.00635930
"2017-05-16",-1.00000,0.0100000,-1.00000,0.00000
"2017-05-17",-1.00000,0.0749195,-1.00000,0.0306389
"2017-05-18",-1.00000,0.0798859,-1.00000,0.0307724
"2017-05-19",-1.00000,0.141082,-1.00000,0.0644988
"2017-05-20",-1.00000,0.123604,-1.00000,0.0514951
"2017-05-21",-1.00000,0.126672,-1.00000,0.0653008
"2017-05-22",-1.00000,0.184590,-1.00000,0.0928418
"2017-05-23",-1.00000,0.224083,-1.00000,0.0970737
"2017-05-24",-1.00000,0.216975,-1.00000,0.0896692
"2017-05-25",-1.00000,0.219735,-1.00000,0.109778
"2017-05-26",-1.00000,0.196872,-1.00000,0.109471
"2017-05-27",-1.00000,0.182860,-1.00000,0.136952
"2017-05-28",-1.00000,0.155468,-1.00000,0.162481
"2017-05-29",-1.00000,0.0884753,-1.00000,0.0391805
"2017-05-30",-1.00000,0.0624206,-1.00000,0.0398126
"2017-05-31",-1.00000,0.0158983,-1.00000,0.00635930
"2017-06-01",-1.00000,0.261292,-1.00000,0.00811110
"2017-06-02",-1.00000,0.0625396,-1.00000,0.0379761
"2017-06-03",-1.00000,0.0768778,-1.00000,0.0896731
"2017-06-04",-1.00000,0.118483,-1.00000,0.0883942
"2017-06-05",-1.00000,0.175643,-1.00000,0.112915
"2017-06-06",-1.00000,0.182092,-1.00000,0.0960819
"2017-06-07",-1.00000,0.122296,-1.00000,0.0513073
"2017-06-08",-1.00000,0.123336,-1.00000,0.0497149
"2017-06-09",-1.00000,0.0844557,-1.00000,0.0249362
"2017-06-10",-1.00000,0.0651568,-1.00000,0.0198323
"2017-06-11",-1.00000,0.0459756,-1.00000,0.0172369
"2017-06-12",-1.00000,0.0363642,-1.00000,0.0138842
"2017-06-13",-1.00000,0.0360898,-1.00000,0.0158838
"2017-06-14",-1.00000,0.0517821,-1.00000,0.0237689
"2017-06-15",-1.00000,0.0429966,-1.00000,0.0316158
"2017-06-16",-1.00000,0.179132,-1.00000,0.132121
"2017-06-17",-1.00000,0.185719,-1.00000,0.128544
"2017-06-18",-1.00000,0.126587,-1.00000,0.0904675
"2017-06-19",-1.00000,0.166737,-1.00000,0.123760
"2017-06-20",-1.00000,0.148671,-1.00000,0.0976245
"2017-06-21",-1.00000,0.215207,-1.00000,0.107013
"2017-06-22",-1.00000,0.146060,-1.00000,0.0890660
"2017-06-23",-1.00000,0.134684,-1.00000,0.0905994
"2017-06-24",-1.00000,0.123822,-1.00000,0.0851366
"2017-06-25",-1.00000,0.144174,-1.00000,0.0897975
"2017-06-26",-1.00000,0.146905,-1.00000,0.0908433
"2017-06-27",-1.00000,0.157826,-1.00000,0.0894617
"2017-06-28",-1.00000,0.129071,-1.00000,0.0756954
"2017-06-29",-1.00000,0.0962561,-1.00000,0.0595771
"2017-06-30",-1.00000,0.0599685,-1.00000,0.0364575
"2017-07-01",-1.00000,0.0466639,-1.00000,0.0284290
"2017-07-02",-1.00000,0.0400992,-1.00000,0.0190548
"2017-07-03",-1.00000,0.0344320,-1.00000,0.0161932
"2017-07-04",-1.00000,0.0158983,-1.00000,0.00635930
"2017-07-05",-1.00000,0.0349098,-1.00000,0.0149471
"2017-07-06",-1.00000,0.119086,-1.00000,0.0402457
"2017-07-07",-1.00000,0.0742771,-1.00000,0.0663854
"2017-07-08",-1.00000,0.0827449,-1.00000,0.162538
"2017-07-09",-1.00000,0.147346,-1.00000,0.145608
"2017-07-10",-1.00000,0.858018,-1.00000,0.121031
"2017-07-11",-1.00000,0.255114,-1.00000,0.151202
"2017-07-12",-1.00000,0.228470,-1.00000,0.149048
"2017-07-13",-1.00000,0.285157,-1.00000,0.206724
"2017-07-14",-1.00000,0.346159,-1.00000,0.222219
"2017-07-15",-1.00000,0.259228,-1.00000,0.105250
"2017-07-16",-1.00000,0.180665,-1.00000,0.0546914
"2017-07-17",-1.00000,0.180203,-1.00000,0.0668509
"2017-07-18",-1.00000,0.0779521,-1.00000,0.0323912
"2017-07-19",-1.00000,0.0660578,-1.00000,0.0350843
"2017-07-20",-1.00000,0.0158983,-1.00000,0.00635930
"2017-07-21",-1.00000,0.441580,-1.00000,0.0279694
"2017-07-22",-1.00000,0.226857,-1.00000,0.0177774
"2017-07-23",-1.00000,0.226857,-1.00000,0.0177774
"2017-07-24",-1.00000,0.226857,-1.00000,0.0177774
"2017-07-25",-1.00000,0.226857,-1.00000,0.0177774
"2017-07-26",-1.00000,0.0351892,-1.00000,0.0161821
"2017-07-27",-1.00000,0.0401039,-1.00000,0.0157807
"2017-07-28",-1.00000,0.0365330,-1.00000,0.0157631
"2017-07-29",-1.00000,0.0340045,-1.00000,0.0170076
"2017-07-30",-1.00000,0.0776507,-1.00000,0.0341057
"2017-07-31",-1.00000,0.0667933,-1.00000,0.0357848
"2017-08-01",-1.00000,0.0325259,-1.00000,0.0173735
"2017-08-02",-1.00000,0.0623643,-1.00000,0.00374975
"2017-08-03",-1.00000,0.120839,-1.00000,0.00748545
"2017-08-04",-1.00000,0.119724,-1.00000,0.0640830
"2017-08-05",-1.00000,0.169378,-1.00000,0.118210
"2017-08-06",-1.00000,0.0917551,-1.00000,0.0822573
"2017-08-07",-1.00000,0.103857,-1.00000,0.0939208
"2017-08-08",-1.00000,0.186636,-1.00000,0.119541
"2017-08-09",-1.00000,0.187504,-1.00000,0.120951
"2017-08-10",-1.00000,0.168220,-1.00000,0.120527
"2017-08-11",-1.00000,0.131324,-1.00000,0.0971173
"2017-08-12",-1.00000,0.0773484,-1.00000,0.0575749
"2017-08-13",-1.00000,0.0448249,-1.00000,0.0158372
"2017-08-14",-1.00000,0.0327792,-1.00000,0.0195508
"2017-08-15",-1.00000,0.0914772,-1.00000,0.0504674
"2017-08-16",-1.00000,0.117374,-1.00000,0.111332
"2017-08-17",-1.00000,0.140936,-1.00000,0.118527
"2017-08-18",-1.00000,0.236772,-1.00000,0.155501
"2017-08-19",-1.00000,0.269609,-1.00000,0.204050
"2017-08-20",-1.00000,0.306254,-1.00000,0.312083
"2017-08-21",-1.00000,0.340476,-1.00000,0.333850
"2017-08-22",-1.00000,0.324262,-1.00000,0.326012
"2017-08-23",-1.00000,0.355282,-1.00000,0.0169159
"2017-08-24",-1.00000,0.329136,-1.00000,0.209802
"2017-08-25",-1.00000,0.300635,-1.00000,0.174002
"2017-08-26",-1.00000,0.274009,-1.00000,0.166204
"2017-08-27",-1.00000,0.274264,-1.00000,0.129301
"2017-08-28",-1.00000,0.107849,-1.00000,0.0401363
"2017-08-29",-1.00000,0.120714,-1.00000,0.00892857
"2017-08-30",-1.00000,0.258190,-1.00000,0.136436
"2017-08-31",-1.00000,0.226317,-1.00000,0.119946
"2017-09-01",-1.00000,0.301246,-1.00000,0.244224
"2017-09-02",-1.00000,0.419916,-1.00000,0.387778
"2017-09-03",-1.00000,0.480179,-1.00000,0.312635
"2017-09-04",-1.00000,0.552897,-1.00000,0.0274485
"2017-09-05",-1.00000,0.679867,-1.00000,0.739418
"2017-09-06",-1.00000,0.530389,-1.00000,0.476274
"2017-09-07",-1.00000,0.662683,-1.00000,0.534017
"2017-09-08",-1.00000,0.773034,-1.00000,0.546405
"2017-09-09",-1.00000,0.535739,-1.00000,0.253358
"2017-09-10",-1.00000,0.386315,-1.00000,0.132727
"2017-09-11",-1.00000,0.293524,-1.00000,0.0990882
"2017-09-12",-1.00000,0.235640,-1.00000,0.131012
"2017-09-13",-1.00000,0.221859,-1.00000,0.129424
"2017-09-14",-1.00000,0.160982,-1.00000,0.108443
"2017-09-15",-1.00000,0.151407,-1.00000,0.103781
"2017-09-16",-1.00000,0.0975180,-1.00000,0.0763448
"2017-09-17",-1.00000,0.0842240,-1.00000,0.0623340
"2017-09-18",-1.00000,0.0655182,-1.00000,0.0565993
"2017-09-19",-1.00000,0.0703141,-1.00000,0.0573467
"2017-09-20",-1.00000,0.0472812,-1.00000,0.0504397
"2017-09-21",-1.00000,0.0951425,-1.00000,0.0398111
"2017-09-22",-1.00000,0.0759704,-1.00000,0.0430674
"2017-09-23",-1.00000,0.0709948,-1.00000,0.0741333
"2017-09-24",-1.00000,0.0962366,-1.00000,0.0914428
"2017-09-25",-1.00000,0.137801,-1.00000,0.124140
"2017-09-26",-1.00000,0.250695,-1.00000,0.164469
"2017-09-27",-1.00000,0.235152,-1.00000,0.212050
"2017-09-28",-1.00000,0.283319,-1.00000,0.242573
"2017-09-29",-1.00000,0.290894,-1.00000,0.232614
"2017-09-30",-1.00000,0.393911,-1.00000,0.299120
"2017-10-01",-1.00000,0.329251,-1.00000,0.259164
"2017-10-02",-1.00000,0.412901,-1.00000,0.287671
"2017-10-03",-1.00000,0.320566,-1.00000,0.239060
"2017-10-04",-1.00000,0.297718,-1.00000,0.224575
"2017-10-05",-1.00000,0.225462,-1.00000,0.176021
"2017-10-06",-1.00000,0.159030,-1.00000,0.136648
"2017-10-07",-1.00000,0.106431,-1.00000,0.0508882
"2017-10-08",-1.00000,0.0792493,-1.00000,0.0347249
"2017-10-09",-1.00000,0.0158983,-1.00000,0.00635930
"2017-10-10",-1.00000,0.0345740,-1.00000,0.0163951
"2017-10-11",-1.00000,0.120714,-1.00000,0.00892857
"2017-10-12",-1.00000,0.120714,-1.00000,0.00892857
"2017-10-13",-1.00000,0.120714,-1.00000,0.00892857
"2017-10-14",-1.00000,0.120714,-1.00000,0.00892857
"2017-10-15",-1.00000,0.120714,-1.00000,0.00892857
"2017-10-16",-1.00000,0.0511908,-1.00000,0.0161291
"2017-10-17",-1.00000,0.0400546,-1.00000,0.0157427
"2017-10-18",-1.00000,0.0369308,-1.00000,0.0161597
"2017-10-19",-1.00000,0.0360307,-1.00000,0.0157877
"2017-10-20",-1.00000,0.0158983,-1.00000,0.00635930
"2017-10-21",-1.00000,0.0467561,-1.00000,0.0267467
"2017-10-22",-1.00000,0.0507797,-1.00000,0.0176178
"2017-10-23",-1.00000,0.120714,-1.00000,0.00892857
"2017-10-24",-1.00000,0.132372,-1.00000,0.0948032
"2017-10-25",-1.00000,0.121144,-1.00000,0.0717005
"2017-10-26",-1.00000,0.197988,-1.00000,0.0974471
"2017-10-27",-1.00000,0.231948,-1.00000,0.0991391
"2017-10-28",-1.00000,0.175550,-1.00000,0.0126448
"2017-10-29",-1.00000,0.248729,-1.00000,0.0823231
"2017-10-30",-1.00000,0.0100000,-1.00000,0.00000
"2017-10-31",-1.00000,0.0100000,-1.00000,0.00000
"2017-11-01",-1.00000,0.115968,-1.00000,0.0352855
"2017-11-02",-1.00000,0.0925077,-1.00000,0.0324418
"2017-11-03",-1.00000,0.0539766,-1.00000,0.0215967
"2017-11-04",-1.00000,0.0359531,-1.00000,0.0163082
"2017-11-05",-1.00000,0.0158983,-1.00000,0.00635930
"2017-11-06",-1.00000,0.0322794,-1.00000,0.0172923
"2017-11-07",-1.00000,0.0100000,-1.00000,0.00000
"2017-11-08",-1.00000,0.0100000,-1.00000,0.00000
"2017-11-09",-1.00000,0.0100000,-1.00000,0.00000
"2017-11-10",-1.00000,0.0100000,-1.00000,0.00000
"2017-11-11",-1.00000,0.0100000,-1.00000,0.00000
"2017-11-12",-1.00000,0.0100000,-1.00000,0.00000
"2017-11-13",-1.00000,0.0100000,-1.00000,0.00000
"2017-11-14",-1.00000,0.0100000,-1.00000,0.00000
"2017-11-15",-1.00000,0.0534288,-1.00000,0.0203526
"2017-11-16",-1.00000,0.0827786,-1.00000,0.0459621
"2017-11-17",-1.00000,0.0766774,-1.00000,0.0284145
"2017-11-18",-1.00000,0.112668,-1.00000,0.0462246
"2017-11-19",-1.00000,0.122992,-1.00000,0.0446458
"2017-11-20",-1.00000,0.131043,-1.00000,0.0434130
"2017-11-21",-1.00000,0.109805,-1.00000,0.0381184
"2017-11-22",-1.00000,0.110620,-1.00000,0.0304875
"2017-11-23",-1.00000,0.102946,-1.00000,0.0516586
"2017-11-24",-1.00000,0.0502218,-1.00000,0.0195367
"2017-11-25",-1.00000,0.0384077,-1.00000,0.0159690
"2017-11-26",-1.00000,0.152655,-1.00000,0.0754745
"2017-11-27",-1.00000,0.144621,-1.00000,0.0793195
"2017-11-28",-1.00000,0.0995712,-1.00000,0.0682434
"2017-11-29",-1.00000,0.0798896,-1.00000,0.0507664
"2017-11-30",-1.00000,0.0425279,-1.00000,0.0168068
"2017-12-01",-1.00000,0.0352428,-1.00000,0.0160013
"2017-12-02",-1.00000,0.0623643,-1.00000,0.00374975
"2017-12-03",-1.00000,0.0312124,-1.00000,0.0217762
"2017-12-04",-1.00000,0.0100000,-1.00000,0.00000
"2017-12-05",-1.00000,0.0100000,-1.00000,0.00000
"2017-12-06",-1.00000,0.0100000,-1.00000,0.00000
"2017-12-07",-1.00000,0.0377177,-1.00000,0.0160622
"2017-12-08",-1.00000,0.0378341,-1.00000,0.0158440
"2017-12-09",-1.00000,0.0351893,-1.00000,0.0162695
"2017-12-10",-1.00000,0.0342549,-1.00000,0.0173843
"2017-12-11",-1.00000,0.0683360,-1.00000,0.0327896
"2017-12-12",-1.00000,0.0637005,-1.00000,0.0260012
"2017-12-13",-1.00000,0.0709047,-1.00000,0.0361422
"2017-12-14",-1.00000,0.0406086,-1.00000,0.0146515
"2017-12-15",-1.00000,0.0360382,-1.00000,0.0159342
"2017-12-16",-1.00000,0.0346734,-1.00000,0.0164360
"2017-12-17",-1.00000,0.0336132,-1.00000,0.0179327
"2017-12-18",-1.00000,0.0323352,-1.00000,0.0199243
"2017-12-19",-1.00000,0.0325456,-1.00000,0.0201689
"2017-12-20",-1.00000,0.0319611,-1.00000,0.0199563
"2017-12-21",-1.00000,0.0756848,-1.00000,0.0317345
"2017-12-22",-1.00000,0.0701305,-1.00000,0.0344268
"2017-12-23",-1.00000,0.175630,-1.00000,0.0912464
"2017-12-24",-1.00000,0.203725,-1.00000,0.0897956
"2017-12-25",-1.00000,0.204924,-1.00000,0.0927619
"2017-12-26",-1.00000,0.170133,-1.00000,0.0713317
"2017-12-27",-1.00000,0.0784231,-1.00000,0.0267437
"2017-12-28",-1.00000,0.0505296,-1.00000,0.0209533
"2017-12-29",-1.00000,0.0436643,-1.00000,0.0187215
"2017-12-30",-1.00000,0.0386916,-1.00000,0.0156940
"2017-12-31",-1.00000,0.0158983,-1.00000,0.00635930
